{
    "[0, 0]": [
        -0.10744880256000001,
        -0.10191576960000001,
        -0.10498809600000003,
        -0.17841154378287952
    ],
    "[0, 13]": [
        10000,
        10000,
        10000,
        10000
    ],
    "[0, 1]": [
        -0.07417440000000002,
        -0.0813872,
        -0.07643232000000001,
        0.4575288763197005
    ],
    "[0, 2]": [
        -0.05816000000000002,
        -0.0524,
        -0.0524,
        9.063049712898511
    ],
    "[0, 3]": [
        -0.10970671804416002,
        44.582264346232776,
        -1800.036,
        -1800.03888
    ],
    "[0, 4]": [
        -10000,
        -10000,
        -10000,
        -10000
    ],
    "[1, 0]": [
        -0.07229468160000001,
        -0.08406422784000002,
        -0.08039779200000001,
        -0.07763184000000001
    ],
    "[1, 13]": [
        -0.020000000000000004,
        0.0,
        0.0,
        0.0
    ],
    "[1, 1]": [
        -0.06721875200000002,
        -0.05528000000000001,
        -0.05880800000000001,
        -0.06226544000000001
    ],
    "[1, 2]": [
        -0.042480000000000004,
        -0.036000000000000004,
        -0.0488,
        -0.055928000000000005
    ],
    "[1, 3]": [
        165.27160323243976,
        0.0,
        -0.023600000000000003,
        -1800.0200000000002
    ],
    "[1, 4]": [
        -10000,
        -10000,
        -10000,
        -10000
    ],
    "[1, 6]": [
        10000,
        10000,
        10000,
        10000
    ],
    "[1, 7]": [
        0.0,
        -0.020000000000000004,
        0.0,
        -0.020000000000000004
    ],
    "[1, 8]": [
        -10000,
        -10000,
        -10000,
        -10000
    ],
    "[2, 0]": [
        -0.047093472,
        -0.05556802304000001,
        26.187974449595405,
        -0.05604464000000001
    ],
    "[2, 10]": [
        0.0,
        0.0,
        116.24114209805865,
        0.0
    ],
    "[2, 11]": [
        0.0,
        0.0,
        0.6011915527566178,
        0.0
    ],
    "[2, 12]": [
        -0.020000000000000004,
        0.0,
        -0.019277198579949664,
        -0.020000000000000004
    ],
    "[2, 13]": [
        -0.036000000000000004,
        -0.036000000000000004,
        -0.07387934542487962,
        -0.020000000000000004
    ],
    "[2, 14]": [
        0.0,
        0.0,
        -0.08594624000000001,
        0.0
    ],
    "[2, 15]": [
        0.0,
        0.0,
        -0.0737856,
        0.0
    ],
    "[2, 16]": [
        0.0,
        0.0,
        -0.0488,
        0.0
    ],
    "[2, 1]": [
        -0.07019107200000001,
        -0.07008192,
        54.653147953523,
        -0.060201205184
    ],
    "[2, 2]": [
        -0.038880000000000005,
        -0.026480000000000004,
        189.94473002215904,
        -0.03960000000000001
    ],
    "[2, 3]": [
        0.0,
        0.0,
        653.5881279382692,
        -0.024248000000000006
    ],
    "[2, 4]": [
        -0.020000000000000004,
        0.0,
        1960.1946661188426,
        0.0
    ],
    "[2, 5]": [
        -0.020000000000000004,
        0.0,
        3839.9969918295787,
        0.0
    ],
    "[2, 6]": [
        -0.020000000000000004,
        5960.4799772159995,
        2643.4214317206743,
        -0.020000000000000004
    ],
    "[2, 7]": [
        -0.020000000000000004,
        -0.020000000000000004,
        2719.43476736693,
        -0.023600000000000003
    ],
    "[2, 8]": [
        0.0,
        0.0,
        415.1516982886004,
        0.0
    ],
    "[2, 9]": [
        0.0,
        0.0,
        216.11502103001737,
        0.0
    ],
    "[3, 0]": [
        -0.020000000000000004,
        -0.020000000000000004,
        -0.020000000000000004,
        0.0
    ],
    "[3, 12]": [
        -0.020000000000000004,
        0.0,
        0.0,
        -0.020000000000000004
    ],
    "[3, 13]": [
        -0.020000000000000004,
        -0.03960000000000001,
        -0.020000000000000004,
        -0.020000000000000004
    ],
    "[3, 14]": [
        0.0,
        0.0,
        -0.023600000000000003,
        0.0
    ],
    "[3, 1]": [
        -0.023600000000000003,
        -0.045432,
        -0.036000000000000004,
        -0.036000000000000004
    ],
    "[3, 2]": [
        -0.020000000000000004,
        -0.020000000000000004,
        -0.020000000000000004,
        -0.020000000000000004
    ],
    "[3, 3]": [
        50.00258510348547,
        0.0,
        0.0,
        -0.020000000000000004
    ],
    "[3, 4]": [
        0.0,
        0.0,
        -0.020000000000000004,
        -0.020000000000000004
    ],
    "[3, 5]": [
        0.0,
        -0.020000000000000004,
        -0.020000000000000004,
        -0.020000000000000004
    ],
    "[3, 6]": [
        -0.020000000000000004,
        -0.020000000000000004,
        -0.020000000000000004,
        0.0
    ],
    "[3, 7]": [
        240.53146318768182,
        0.0,
        0.0,
        0.0
    ],
    "[4, 0]": [
        -10000,
        -10000,
        -10000,
        -10000
    ],
    "[4, 13]": [
        -10000,
        -10000,
        -10000,
        -10000
    ],
    "[4, 1]": [
        -10000,
        -10000,
        -10000,
        -10000
    ],
    "[4, 2]": [
        0.0,
        0.0,
        -0.020000000000000004,
        0.0
    ]
}