{
    "[0, 0]": [
        -0.2,
        -0.396,
        -0.396,
        -0.9141006540800001
    ],
    "[0, 1]": [
        -0.524,
        -0.396,
        -0.396,
        -0.396
    ],
    "[0, 2]": [
        -0.2,
        -0.236,
        -0.2,
        -0.396
    ],
    "[0, 3]": [
        -0.2,
        0.0,
        -0.2,
        -0.2
    ],
    "[0, 4]": [
        0.0,
        0.0,
        -0.2,
        -0.2
    ],
    "[1, 0]": [
        -0.2,
        0.0,
        -0.236,
        -0.9141006540800001
    ],
    "[1, 1]": [
        -0.2,
        -0.42480000000000007,
        -0.36000000000000004,
        -0.2
    ],
    "[1, 2]": [
        -0.396,
        -0.236,
        -0.36000000000000004,
        -0.36000000000000004
    ],
    "[1, 3]": [
        -0.36000000000000004,
        -0.2,
        -0.396,
        -0.2
    ],
    "[1, 4]": [
        -0.2,
        -0.396,
        -0.236,
        -0.2
    ],
    "[1, 5]": [
        0.0,
        -0.236,
        0.0,
        0.0
    ],
    "[10, 0]": [
        -0.36000000000000004,
        -0.236,
        -0.236,
        -0.773856
    ],
    "[10, 12]": [
        0.0,
        0.0,
        -0.2,
        -0.2
    ],
    "[10, 13]": [
        -0.2,
        0.0,
        -0.2,
        0.0
    ],
    "[10, 14]": [
        0.0,
        0.0,
        -0.2,
        -0.2
    ],
    "[10, 15]": [
        -0.396,
        -0.2,
        -0.2,
        -0.2
    ],
    "[10, 16]": [
        -0.36000000000000004,
        -0.396,
        -0.2,
        -0.36000000000000004
    ],
    "[10, 17]": [
        -0.2,
        -0.236,
        -0.2,
        -0.396
    ],
    "[10, 18]": [
        -0.2,
        -0.2,
        -0.2,
        -0.2
    ],
    "[10, 19]": [
        0.0,
        -0.2,
        0.0,
        -0.2
    ],
    "[10, 1]": [
        -0.396,
        -0.2,
        -0.2,
        -0.8588735999999999
    ],
    "[10, 2]": [
        -0.396,
        -0.396,
        -0.2,
        -0.5758399999999999
    ],
    "[10, 3]": [
        -0.396,
        -0.36000000000000004,
        -0.36000000000000004,
        -0.396
    ],
    "[10, 4]": [
        -0.2,
        -0.396,
        -0.2,
        -0.236
    ],
    "[10, 5]": [
        0.0,
        -0.2,
        0.0,
        -0.2
    ],
    "[10, 6]": [
        0.0,
        0.0,
        -0.2,
        0.0
    ],
    "[10, 7]": [
        0.0,
        0.0,
        0.0,
        -0.2
    ],
    "[10, 8]": [
        0.0,
        -0.2,
        0.0,
        0.0
    ],
    "[10, 9]": [
        -0.2,
        0.0,
        0.0,
        0.0
    ],
    "[11, 0]": [
        0.0,
        0.0,
        -0.2,
        -0.7378560000000001
    ],
    "[11, 10]": [
        0.0,
        0.0,
        0.0,
        -0.83222784
    ],
    "[11, 12]": [
        -0.2,
        -0.2,
        0.0,
        -0.5904
    ],
    "[11, 13]": [
        0.0,
        -0.2,
        0.0,
        -0.21597088484633567
    ],
    "[11, 14]": [
        0.0,
        0.0,
        -0.2,
        -0.2
    ],
    "[11, 15]": [
        -0.2,
        -0.2,
        -0.2,
        -0.2
    ],
    "[11, 16]": [
        -0.236,
        -0.2,
        -0.236,
        -0.396
    ],
    "[11, 17]": [
        -0.36000000000000004,
        -0.2,
        -0.36000000000000004,
        292.44816000000003
    ],
    "[11, 18]": [
        -0.2,
        -0.2,
        0.0,
        -0.2
    ],
    "[11, 19]": [
        0.0,
        0.0,
        0.0,
        -0.2
    ],
    "[11, 1]": [
        -0.2,
        -0.2,
        -0.396,
        -0.7083200000000001
    ],
    "[11, 2]": [
        -0.2,
        -0.396,
        -0.396,
        -0.7902848
    ],
    "[11, 3]": [
        -0.36000000000000004,
        -0.36000000000000004,
        -0.2,
        -0.36000000000000004
    ],
    "[11, 4]": [
        -0.2,
        -0.2,
        -0.36000000000000004,
        -0.488
    ],
    "[11, 5]": [
        -0.2,
        -0.236,
        -0.2,
        -0.524
    ],
    "[11, 6]": [
        -0.2,
        -0.2,
        0.0,
        -0.38880000000000003
    ],
    "[11, 7]": [
        0.0,
        -0.2,
        0.0,
        -0.488
    ],
    "[11, 8]": [
        0.0,
        0.0,
        0.0,
        -0.2
    ],
    "[11, 9]": [
        0.0,
        0.0,
        0.0,
        -0.5904
    ],
    "[12, 0]": [
        -0.67232,
        0.0,
        0.0,
        -0.2
    ],
    "[12, 10]": [
        -0.981985601490518,
        0.0,
        0.0,
        0.0
    ],
    "[12, 11]": [
        -0.865782272,
        0.0,
        0.0,
        0.0
    ],
    "[12, 12]": [
        1.4963761927339438,
        0.0,
        0.0,
        0.0
    ],
    "[12, 13]": [
        22.89759224513393,
        0.0,
        0.0,
        0.0
    ],
    "[12, 14]": [
        141.41572785862508,
        0.0,
        0.0,
        0.0
    ],
    "[12, 15]": [
        675.8058372066408,
        0.0,
        0.0,
        0.0
    ],
    "[12, 16]": [
        1510.4874362588755,
        0.0,
        0.0,
        0.0
    ],
    "[12, 17]": [
        5531.5084852224,
        0.0,
        -0.2,
        0.0
    ],
    "[12, 18]": [
        0.0,
        8926.258176,
        0.0,
        0.0
    ],
    "[12, 1]": [
        -0.865782272,
        -0.2,
        -0.2,
        0.0
    ],
    "[12, 2]": [
        -1.0060046672029286,
        0.0,
        -0.236,
        -0.2
    ],
    "[12, 3]": [
        -0.9634564186112,
        -0.2,
        0.0,
        -0.2
    ],
    "[12, 4]": [
        -0.9635692820889601,
        -0.2,
        -0.2,
        0.0
    ],
    "[12, 5]": [
        -0.954320523264,
        0.0,
        -0.2,
        -0.2
    ],
    "[12, 6]": [
        -0.9804913326489599,
        -0.2,
        0.0,
        -0.236
    ],
    "[12, 7]": [
        -0.9141006540800001,
        0.0,
        -0.2,
        0.0
    ],
    "[12, 8]": [
        -0.865782272,
        0.0,
        0.0,
        0.0
    ],
    "[12, 9]": [
        -0.931280523264,
        0.0,
        0.0,
        0.0
    ],
    "[13, 0]": [
        -0.2,
        -0.2,
        -0.2,
        -0.2
    ],
    "[13, 10]": [
        0.0,
        0.0,
        -0.488,
        0.0
    ],
    "[13, 12]": [
        0.0,
        0.0,
        -0.488,
        0.0
    ],
    "[13, 15]": [
        0.0,
        0.0,
        39.2067165194381,
        0.0
    ],
    "[13, 16]": [
        0.0,
        0.0,
        74.5663983917056,
        0.0
    ],
    "[13, 17]": [
        0.0,
        0.0,
        1081.00101141504,
        0.0
    ],
    "[13, 1]": [
        -0.2,
        0.0,
        -0.36000000000000004,
        -0.2
    ],
    "[13, 2]": [
        0.0,
        -0.2,
        -0.488,
        -0.2
    ],
    "[13, 3]": [
        -0.2,
        0.0,
        -0.5904,
        0.0
    ],
    "[13, 4]": [
        0.0,
        -0.2,
        -0.488,
        -0.2
    ],
    "[13, 5]": [
        -0.236,
        -0.36000000000000004,
        -0.2,
        -0.2
    ],
    "[13, 6]": [
        -0.36000000000000004,
        -0.2,
        -0.488,
        -0.396
    ],
    "[13, 7]": [
        0.0,
        -0.2,
        -0.2,
        0.0
    ],
    "[13, 9]": [
        0.0,
        0.0,
        -0.2,
        0.0
    ],
    "[14, 0]": [
        -0.2,
        0.0,
        0.0,
        0.0
    ],
    "[14, 4]": [
        -0.2,
        0.0,
        0.0,
        -0.2
    ],
    "[14, 5]": [
        -0.2,
        -0.2,
        -0.2,
        -0.2
    ],
    "[14, 6]": [
        0.0,
        0.0,
        -0.2,
        -0.2
    ],
    "[15, 5]": [
        -0.2,
        0.0,
        -0.2,
        -0.2
    ],
    "[15, 6]": [
        0.0,
        -0.2,
        -0.2,
        -0.2
    ],
    "[16, 5]": [
        0.0,
        0.0,
        -0.2,
        0.0
    ],
    "[16, 6]": [
        0.0,
        0.0,
        -0.2,
        0.0
    ],
    "[2, 0]": [
        -0.2,
        0.0,
        0.0,
        -0.9251030015999999
    ],
    "[2, 1]": [
        -0.396,
        -0.2,
        -0.2,
        -0.5168
    ],