{
    "[0, 0]": [
        -0.10744880256000001,
        -0.10191576960000001,
        -0.10498809600000003,
        -0.17222251597266458
    ],
    "[0, 1]": [
        -0.07417440000000002,
        -0.0813872,
        -0.07643232000000001,
        -0.1669076114630161
    ],
    "[0, 2]": [
        -0.05816000000000002,
        -0.0524,
        -0.0524,
        -0.16133998832145666
    ],
    "[0, 3]": [
        -0.10970671804416002,
        -0.10379053568,
        -1800.036,
        -1800.03888
    ],
    "[0, 4]": [
        -10000,
        -10000,
        -10000,
        -10000
    ],
    "[1, 0]": [
        -0.07229468160000001,
        -0.08406422784000002,
        -0.08039779200000001,
        -0.07763184000000001
    ],
    "[1, 1]": [
        -0.06721875200000002,
        -0.05528000000000001,
        -0.05880800000000001,
        -0.06226544000000001
    ],
    "[1, 2]": [
        -0.042480000000000004,
        -0.036000000000000004,
        -0.0488,
        -0.055928000000000005
    ],
    "[1, 3]": [
        54.725662906189164,
        0.0,
        -0.023600000000000003,
        -1800.0200000000002
    ],
    "[1, 4]": [
        -10000,
        -10000,
        -10000,
        -10000
    ],
    "[1, 6]": [
        10000,
        10000,
        10000,
        10000
    ],
    "[1, 7]": [
        0.0,
        -0.020000000000000004,
        0.0,
        -0.020000000000000004
    ],
    "[1, 8]": [
        -10000,
        -10000,
        -10000,
        -10000
    ],
    "[2, 0]": [
        -0.047093472,
        -0.05556802304000001,
        2.91602007601987,
        -0.05604464000000001
    ],
    "[2, 10]": [
        0.0,
        0.0,
        -0.0488,
        0.0
    ],
    "[2, 11]": [
        0.0,
        0.0,
        -0.020000000000000004,
        0.0
    ],
    "[2, 12]": [
        0.0,
        0.0,
        -0.020000000000000004,
        -0.020000000000000004
    ],
    "[2, 13]": [
        -0.020000000000000004,
        -0.020000000000000004,
        -0.020000000000000004,
        -0.020000000000000004
    ],
    "[2, 14]": [
        0.0,
        0.0,
        -0.036000000000000004,
        0.0
    ],
    "[2, 15]": [
        0.0,
        0.0,
        -0.020000000000000004,
        0.0
    ],
    "[2, 1]": [
        -0.07019107200000001,
        -0.07008192,
        29.70072961749447,
        -0.060201205184
    ],
    "[2, 2]": [
        -0.038880000000000005,
        -0.026480000000000004,
        63.71778784999755,
        -0.03960000000000001
    ],
    "[2, 3]": [
        0.0,
        0.0,
        243.92664046516276,
        -0.024248000000000006
    ],
    "[2, 4]": [
        -0.020000000000000004,
        0.0,
        635.9397117066105,
        0.0
    ],
    "[2, 5]": [
        -0.020000000000000004,
        0.0,
        1716.556329071676,
        0.0
    ],
    "[2, 6]": [
        -0.020000000000000004,
        5313.532768,
        1017.6814368604529,
        -0.020000000000000004
    ],
    "[2, 7]": [
        -0.020000000000000004,
        -0.020000000000000004,
        1336.3970177093433,
        -0.023600000000000003
    ],
    "[2, 8]": [
        0.0,
        0.0,
        118.3674720744837,
        0.0
    ],
    "[2, 9]": [
        0.0,
        0.0,
        15.717072708691925,
        0.0
    ],
    "[3, 0]": [
        -0.020000000000000004,
        -0.020000000000000004,
        -0.020000000000000004,
        0.0
    ],
    "[3, 13]": [
        -0.020000000000000004,
        -0.020000000000000004,
        0.0,
        0.0
    ],
    "[3, 1]": [
        -0.023600000000000003,
        -0.045432,
        -0.036000000000000004,
        -0.036000000000000004
    ],
    "[3, 2]": [
        -0.020000000000000004,
        -0.020000000000000004,
        -0.020000000000000004,
        -0.020000000000000004
    ],
    "[3, 3]": [
        50.00258510348547,
        0.0,
        0.0,
        -0.020000000000000004
    ],
    "[3, 4]": [
        0.0,
        0.0,
        -0.020000000000000004,
        -0.020000000000000004
    ],
    "[3, 5]": [
        0.0,
        -0.020000000000000004,
        -0.020000000000000004,
        -0.020000000000000004
    ],
    "[3, 6]": [
        -0.020000000000000004,
        -0.020000000000000004,
        0.0,
        0.0
    ],
    "[4, 0]": [
        -10000,
        -10000,
        -10000,
        -10000
    ],
    "[4, 13]": [
        -10000,
        -10000,
        -10000,
        -10000
    ],
    "[4, 1]": [
        -10000,
        -10000,
        -10000,
        -10000
    ],
    "[4, 2]": [
        0.0,
        0.0,
        -0.020000000000000004,
        0.0
    ]
}